datetime,Count_Predicted
05-06-2012 5:00,17
19-03-2011 19:00,134
02-04-2012 6:00,87
13-07-2012 20:00,420
09-11-2011 19:00,259
10-03-2012 0:00,36
19-05-2011 13:00,214
01-05-2011 8:00,81
07-07-2012 8:00,128
07-05-2011 16:00,422
09-04-2011 11:00,195
16-06-2011 04:00,7
13-07-2012 22:00,328
02-03-2012 14:00,181
18-05-2012 15:00,405
14-12-2011 22:00,100
17-02-2012 19:00,239
15-04-2012 18:00,498
06-10-2012 23:00,133
17-07-2012 00:00,34
13-09-2012 11:00,236
13-01-2012 07:00,263
11-08-2012 8:00,167
17-09-2011 08:00,97
04-11-2011 11:00,140
01-10-2011 11:00,145
03-03-2011 12:00,64
05-12-2012 19:00,328
18-06-2012 23:00,61
19-09-2012 18:00,804
08-11-2011 19:00,331
18-02-2011 13:00,86
07-11-2011 10:00,112
10-08-2011 14:00,173
02-05-2012 0:00,64
14-01-2011 14:00,69
17-07-2011 01:00,151
14-07-2011 15:00,248
04-03-2011 3:00,1
18-12-2012 15:00,273
14-12-2012 10:00,244
14-05-2011 03:00,19
19-03-2012 23:00,83
08-01-2011 5:00,1
13-08-2011 06:00,19
04-08-2011 2:00,5
03-02-2012 5:00,12
16-12-2012 21:00,88
04-01-2011 9:00,113
06-04-2011 1:00,4
09-03-2012 11:00,155
12-10-2012 20:00,302
14-06-2011 20:00,233
06-12-2012 2:00,10
03-12-2012 2:00,3
10-07-2011 17:00,391
09-01-2012 22:00,89
10-01-2012 17:00,442
07-08-2012 4:00,10
17-01-2011 04:00,0
03-05-2011 15:00,170
08-04-2012 7:00,45
04-07-2011 5:00,6
13-01-2011 14:00,62
18-08-2012 23:00,187
11-12-2012 0:00,12
11-03-2012 9:00,110
18-03-2012 08:00,97
06-12-2011 3:00,3
05-11-2011 14:00,322
10-10-2012 11:00,218
02-11-2011 20:00,220
18-07-2011 21:00,240
09-03-2011 15:00,68
10-12-2012 17:00,650
02-01-2011 20:00,31
01-10-2012 10:00,211
17-07-2012 14:00,186
07-03-2012 15:00,226
09-02-2011 22:00,39
16-01-2011 01:00,57
19-02-2012 12:00,300
09-02-2011 2:00,4
06-09-2011 9:00,245
11-06-2011 8:00,116
08-02-2011 2:00,2
15-08-2012 14:00,259
17-05-2011 12:00,92
03-04-2012 18:00,657
14-05-2011 07:00,25
06-01-2011 8:00,109
04-05-2011 22:00,120
14-08-2011 18:00,316
01-12-2012 18:00,357
11-01-2011 17:00,115
10-02-2011 17:00,124
08-02-2011 23:00,21
13-03-2011 04:00,2
18-06-2012 15:00,239
16-04-2012 18:00,557
05-09-2011 10:00,118
17-09-2012 05:00,32
05-12-2011 19:00,301
10-01-2011 1:00,4
08-05-2012 8:00,467
08-07-2011 16:00,225
06-09-2012 7:00,449
06-11-2012 17:00,520
05-03-2012 20:00,162
01-10-2011 13:00,275
17-04-2011 14:00,340
18-08-2012 11:00,500
03-09-2012 22:00,49
13-03-2011 08:00,37
12-05-2011 8:00,383
10-10-2011 11:00,95
11-04-2012 10:00,129
15-05-2011 09:00,125
06-10-2011 17:00,566
12-06-2011 7:00,52
15-04-2011 20:00,134
05-04-2012 14:00,248
13-04-2012 14:00,284
10-05-2012 8:00,603
02-02-2011 15:00,85
09-03-2011 9:00,70
19-05-2012 20:00,396
11-07-2012 18:00,757
18-04-2012 02:00,7
19-09-2012 13:00,276
04-11-2012 20:00,137
15-12-2012 11:00,411
08-04-2012 3:00,12
11-09-2011 0:00,113
16-12-2012 11:00,274
03-03-2012 15:00,342
03-11-2011 12:00,180
15-01-2012 01:00,70
07-10-2011 1:00,14
07-11-2011 0:00,25
04-03-2011 18:00,142
14-03-2012 12:00,220
11-05-2012 4:00,7
16-12-2012 07:00,36
01-03-2011 11:00,68
12-01-2012 5:00,10
13-08-2011 21:00,145
19-11-2012 01:00,10
09-09-2012 12:00,713
06-09-2011 16:00,66
17-08-2012 14:00,553
16-08-2011 07:00,293
01-04-2011 6:00,25
03-06-2012 17:00,568
09-01-2012 17:00,122
18-10-2012 04:00,8
02-06-2012 21:00,248
02-12-2011 17:00,531
02-08-2012 14:00,270
03-12-2011 5:00,4
12-10-2012 19:00,422
02-05-2012 17:00,757
07-11-2012 14:00,162
05-04-2012 3:00,4
03-06-2012 12:00,862
01-04-2011 3:00,1
04-01-2011 5:00,5
06-04-2012 3:00,4
09-07-2012 18:00,817
17-08-2012 22:00,183
17-11-2012 14:00,492
19-03-2012 21:00,281
05-01-2012 15:00,172
17-02-2011 03:00,2
13-04-2011 04:00,2
18-11-2011 04:00,5
12-09-2011 6:00,88
13-12-2011 08:00,368
06-01-2011 21:00,50
11-11-2011 18:00,166
08-03-2012 16:00,360
05-09-2012 18:00,888
09-03-2011 9:00,98
02-06-2011 9:00,316
19-03-2012 14:00,325
10-11-2012 2:00,73
18-12-2012 21:00,182
02-05-2011 4:00,9
08-05-2011 4:00,6
17-08-2012 01:00,41
14-11-2011 23:00,66
15-11-2011 05:00,25
09-01-2012 23:00,42
10-11-2012 5:00,14
03-12-2011 14:00,273
08-03-2011 14:00,75
08-09-2012 15:00,248
13-08-2012 09:00,421
04-05-2011 6:00,15
17-03-2011 21:00,111
01-04-2012 2:00,55
15-03-2012 17:00,771
05-05-2012 10:00,327
11-10-2012 14:00,279
14-06-2012 05:00,30
01-08-2011 5:00,23
03-08-2011 3:00,5
09-06-2011 6:00,65
08-08-2011 17:00,457
16-04-2011 22:00,46
13-01-2011 05:00,4
07-04-2012 20:00,239
06-08-2012 1:00,14
08-07-2012 0:00,223
04-11-2011 12:00,169
08-04-2011 13:00,39
13-02-2011 17:00,135
01-08-2011 7:00,268
10-06-2011 1:00,20
11-03-2011 9:00,145
12-06-2012 18:00,687
15-05-2011 15:00,305
01-10-2011 12:00,311
08-01-2011 23:00,5
12-06-2012 0:00,25
07-04-2012 16:00,485
01-05-2012 8:00,426
14-09-2012 08:00,685
01-05-2011 17:00,269
04-11-2012 23:00,70
13-01-2012 09:00,229
06-01-2012 21:00,143
15-07-2011 21:00,263
13-05-2011 03:00,6
11-12-2012 23:00,73
09-06-2012 16:00,421
16-02-2012 22:00,113
10-12-2011 16:00,163
10-07-2012 16:00,420
02-10-2011 3:00,14
04-08-2011 3:00,2
11-07-2011 15:00,132
12-04-2012 20:00,276
05-01-2012 3:00,2
10-02-2011 20:00,87
13-06-2012 13:00,257
03-12-2011 6:00,10
19-11-2011 07:00,30
07-03-2011 6:00,38
17-04-2012 08:00,515
13-10-2012 17:00,528
11-05-2012 4:00,8
12-02-2011 7:00,12
09-04-2012 5:00,18
10-12-2011 9:00,97
06-12-2011 21:00,108
18-12-2012 00:00,41
05-06-2011 5:00,8
17-09-2011 11:00,340
12-12-2012 5:00,22
10-12-2011 20:00,113
13-04-2012 10:00,260
19-10-2011 02:00,7
19-02-2011 00:00,33
07-03-2012 4:00,3
14-10-2011 16:00,244
17-01-2012 21:00,151
13-08-2012 02:00,9
19-02-2011 06:00,5
03-08-2011 6:00,149
15-04-2012 08:00,165
08-02-2011 3:00,1
16-01-2011 10:00,43
12-12-2012 21:00,197
02-08-2012 9:00,428
17-12-2012 05:00,20
01-09-2011 2:00,10
19-04-2012 00:00,42
19-02-2011 18:00,87
05-04-2011 16:00,164
08-06-2011 18:00,548
18-10-2011 18:00,384
19-02-2012 23:00,39
09-01-2011 10:00,30
16-02-2011 01:00,3
13-12-2012 00:00,50
01-06-2012 16:00,271
18-03-2011 07:00,182
16-12-2012 04:00,6
05-05-2012 0:00,141
16-08-2012 19:00,597
06-08-2011 16:00,258
02-04-2012 6:00,79
13-01-2012 19:00,187
08-05-2011 19:00,224
08-08-2011 15:00,186
04-11-2011 4:00,7
01-08-2012 22:00,235
16-02-2012 06:00,80
16-01-2012 04:00,1
01-07-2012 3:00,24
18-06-2011 23:00,162
13-10-2011 06:00,37
02-01-2011 0:00,20
05-08-2011 0:00,57
03-10-2012 15:00,345
18-09-2012 09:00,402
09-10-2012 19:00,468
04-10-2012 9:00,449
10-08-2011 16:00,347
07-05-2012 5:00,27
04-02-2012 5:00,4
08-04-2012 4:00,5
02-07-2012 13:00,204
06-12-2011 16:00,65
03-10-2011 20:00,142
01-03-2012 22:00,113
10-05-2012 10:00,232
02-09-2011 20:00,263
01-09-2011 11:00,162
05-02-2012 6:00,10
07-06-2011 21:00,210
05-11-2011 22:00,87
07-04-2011 14:00,139
17-05-2012 02:00,12
07-02-2012 14:00,141
09-02-2012 0:00,15
12-02-2011 9:00,35
02-06-2011 23:00,157
09-11-2011 14:00,175
12-09-2012 10:00,258
12-03-2012 6:00,74
10-05-2012 3:00,7
19-01-2012 00:00,16
10-06-2012 22:00,178
04-11-2011 20:00,158
04-01-2012 13:00,58
02-09-2011 5:00,20
19-02-2011 16:00,129
03-05-2012 18:00,708
15-12-2012 23:00,111
01-05-2012 10:00,239
05-06-2012 20:00,457
01-01-2011 12:00,108
14-06-2012 02:00,7
01-07-2012 23:00,185
11-06-2012 22:00,214
16-05-2012 18:00,739
13-03-2011 00:00,52
12-06-2012 0:00,37
09-03-2012 14:00,201
07-10-2011 0:00,41
05-10-2011 21:00,178
11-02-2011 5:00,8
13-10-2012 00:00,94
07-11-2012 18:00,427
02-01-2012 19:00,144
03-12-2012 7:00,403
05-08-2012 17:00,514
14-03-2012 20:00,356
06-12-2011 1:00,7
05-11-2011 16:00,216
09-07-2012 11:00,180
03-03-2011 18:00,102
08-05-2011 14:00,504
04-09-2011 13:00,541
05-06-2012 17:00,690
07-11-2011 18:00,487
02-03-2012 0:00,43
02-10-2011 20:00,96
13-03-2012 07:00,304
12-06-2011 18:00,341
13-04-2012 17:00,740
14-07-2011 02:00,12
11-12-2011 11:00,200
04-04-2011 12:00,117
16-03-2012 07:00,350
16-05-2012 17:00,731
05-04-2012 11:00,187
11-11-2012 0:00,153
02-09-2011 3:00,5
02-05-2012 13:00,190
08-06-2012 16:00,533
11-11-2012 2:00,86
15-02-2012 12:00,131
14-04-2012 04:00,8
13-09-2011 23:00,77
01-03-2011 12:00,76
17-05-2011 03:00,3
19-09-2011 10:00,146
15-05-2011 02:00,50
02-11-2012 14:00,257
06-03-2012 20:00,185
08-08-2012 14:00,269
06-03-2012 17:00,452
11-01-2011 9:00,91
01-11-2011 8:00,354
19-11-2012 03:00,4
14-03-2012 06:00,108
02-02-2012 20:00,156
03-11-2011 0:00,36
09-03-2011 4:00,2
09-04-2011 3:00,6
14-08-2012 06:00,80
15-11-2012 00:00,28
13-12-2012 01:00,21
03-09-2012 2:00,62
01-11-2011 2:00,6
01-04-2011 5:00,5
01-01-2012 21:00,52
16-05-2012 15:00,346
15-07-2011 05:00,21
02-12-2011 5:00,5
02-02-2012 12:00,179
11-08-2011 4:00,6
11-10-2012 19:00,478
06-06-2011 2:00,8
13-11-2011 01:00,111
08-06-2011 12:00,128
03-07-2012 11:00,190
17-01-2011 15:00,77
16-04-2011 10:00,38
15-04-2011 09:00,146
07-05-2011 9:00,165
10-12-2012 2:00,5
09-09-2011 22:00,123
01-06-2012 9:00,323
18-05-2012 11:00,264
05-12-2011 18:00,347
09-04-2011 19:00,138
05-08-2011 12:00,218
14-08-2012 13:00,251
15-06-2011 22:00,162
08-07-2011 4:00,6
15-10-2012 05:00,26
14-01-2012 06:00,19
08-02-2012 23:00,66
13-07-2012 15:00,391
17-10-2012 07:00,515
02-07-2012 3:00,9
17-11-2012 08:00,133
18-11-2011 08:00,363
14-10-2012 02:00,81
14-01-2011 07:00,67
15-12-2012 10:00,235
18-12-2011 01:00,88
16-02-2011 05:00,7
04-08-2011 8:00,339
19-07-2011 19:00,343
08-11-2012 0:00,30
13-10-2012 18:00,472
04-05-2012 0:00,115
16-06-2011 17:00,411
11-10-2011 17:00,482
12-10-2012 3:00,7
19-11-2011 17:00,283
07-02-2011 5:00,5
05-05-2012 15:00,394
19-05-2012 07:00,117
11-04-2012 6:00,119
09-03-2012 17:00,549
09-11-2012 21:00,232
05-06-2011 17:00,306
15-03-2012 18:00,769
07-07-2012 4:00,12
03-05-2012 8:00,261
11-09-2012 22:00,215
03-01-2011 16:00,117
12-03-2012 2:00,2
14-05-2011 23:00,52
11-05-2011 13:00,172
08-10-2011 13:00,687
13-09-2011 19:00,335
11-05-2011 18:00,487
12-11-2011 11:00,278
17-02-2012 07:00,300
12-08-2012 10:00,250
19-09-2011 00:00,34
16-12-2011 23:00,59
09-08-2012 18:00,790
17-08-2011 19:00,360
02-11-2011 4:00,7
01-11-2011 7:00,290
13-08-2011 06:00,21
02-12-2012 13:00,547
01-10-2011 0:00,75
09-09-2012 23:00,110
02-04-2011 20:00,105
19-06-2011 07:00,55
16-07-2011 15:00,329
15-10-2012 03:00,4
16-08-2011 17:00,544
18-11-2011 22:00,94
15-08-2012 19:00,544
05-01-2012 9:00,243
06-06-2011 9:00,273
07-07-2011 15:00,194
16-07-2011 07:00,63
04-11-2012 0:00,103
02-08-2012 6:00,153
01-01-2012 8:00,31
09-11-2012 5:00,27
04-09-2011 1:00,128
17-01-2012 02:00,2
18-11-2012 02:00,74
03-05-2011 12:00,134
02-03-2012 18:00,82
11-09-2012 3:00,5
06-06-2011 19:00,403
06-08-2012 6:00,163
04-04-2012 11:00,235
19-03-2011 00:00,25
01-04-2012 3:00,16
19-04-2011 01:00,10
16-02-2011 15:00,92
16-07-2012 22:00,211
14-02-2012 04:00,4
13-12-2012 03:00,7
19-09-2011 22:00,155
05-12-2011 7:00,294
04-02-2012 18:00,153
09-02-2011 23:00,26
06-06-2011 6:00,98
12-04-2012 22:00,176
17-07-2011 19:00,279
13-03-2012 16:00,389
16-06-2012 18:00,701
16-04-2011 13:00,57
16-11-2012 21:00,186
14-12-2012 03:00,6
09-06-2012 13:00,745
06-06-2011 15:00,181
02-04-2012 21:00,207
14-01-2011 20:00,75
15-01-2012 03:00,11
03-09-2012 8:00,246
04-08-2011 9:00,253
10-07-2012 0:00,57
12-08-2011 10:00,157
02-02-2011 15:00,75
08-04-2012 6:00,15
02-05-2011 23:00,68
15-06-2012 01:00,31
15-09-2011 03:00,1
08-12-2012 2:00,67
06-11-2011 14:00,409
11-10-2012 23:00,150
12-06-2012 17:00,460
01-03-2011 20:00,94
11-02-2012 9:00,54
03-12-2011 15:00,210
11-10-2012 9:00,424
01-03-2011 10:00,77
06-10-2011 11:00,160
16-04-2012 10:00,311
11-06-2012 15:00,255
05-03-2012 11:00,123
08-07-2012 5:00,11
13-05-2011 00:00,54
13-08-2011 01:00,97
09-06-2011 7:00,245
07-11-2011 20:00,221
19-03-2011 09:00,73
14-11-2011 13:00,170
11-12-2011 8:00,50
18-11-2012 20:00,154
13-02-2012 11:00,96
18-04-2012 18:00,358
08-08-2011 6:00,115
03-07-2011 10:00,216
18-08-2012 06:00,30
13-03-2012 02:00,3
07-08-2012 18:00,794
07-02-2011 22:00,47
05-06-2012 22:00,229
12-06-2011 11:00,302
13-01-2012 11:00,114
08-07-2012 22:00,135
17-09-2011 23:00,84
05-02-2012 4:00,4
01-05-2011 19:00,142
06-10-2012 14:00,594
04-09-2012 16:00,470
07-11-2012 1:00,10
16-04-2011 14:00,85
17-07-2012 17:00,657
16-10-2012 21:00,280
09-05-2011 15:00,197
05-09-2011 9:00,204
06-10-2012 12:00,921
14-05-2012 07:00,154
07-08-2012 12:00,264
08-06-2012 23:00,175
07-09-2011 21:00,90
09-06-2012 13:00,778
15-06-2012 23:00,178
18-08-2012 19:00,440
15-12-2012 08:00,86
04-01-2012 14:00,51
01-04-2012 7:00,55
05-12-2011 8:00,407
12-01-2011 8:00,137
04-02-2012 19:00,95
12-03-2011 2:00,14
02-09-2011 5:00,23
06-12-2011 22:00,63
08-08-2011 21:00,191
09-02-2011 20:00,64
05-09-2012 3:00,5
15-11-2012 22:00,142
09-05-2012 4:00,3
01-03-2011 6:00,35
08-02-2011 10:00,70
09-02-2011 0:00,8
07-05-2011 10:00,241
01-11-2012 8:00,686
19-03-2011 09:00,69
06-02-2011 15:00,103
16-02-2011 07:00,122
06-10-2011 9:00,293
14-08-2012 21:00,377
16-02-2011 12:00,69
07-05-2011 6:00,20
05-08-2012 15:00,406
18-07-2012 12:00,215
15-04-2012 23:00,107
09-08-2011 17:00,483
09-06-2012 15:00,398
11-04-2012 18:00,399
09-09-2012 3:00,29
10-09-2012 12:00,213
15-09-2012 00:00,173
15-11-2011 01:00,13
18-02-2011 11:00,103
04-07-2011 2:00,73
02-07-2011 2:00,65
16-06-2011 01:00,13
02-11-2011 2:00,6
03-12-2012 5:00,24
12-12-2011 0:00,19
04-08-2012 4:00,13
02-07-2012 2:00,11
06-05-2012 23:00,102
03-05-2012 10:00,232
05-03-2012 6:00,69
17-01-2011 20:00,59
19-05-2011 15:00,164
01-05-2011 13:00,683
05-03-2011 0:00,20
18-01-2012 18:00,308
09-03-2011 20:00,74
07-02-2012 18:00,392
15-08-2012 01:00,21
17-06-2012 13:00,929
09-04-2012 16:00,430
15-09-2012 05:00,9
10-05-2011 14:00,170
13-06-2012 08:00,631
17-01-2012 15:00,157
07-06-2011 13:00,147
16-04-2011 04:00,3
11-09-2012 15:00,398
02-04-2012 20:00,320
09-07-2011 17:00,351
19-07-2011 09:00,263
13-06-2012 02:00,9
04-10-2011 8:00,379
09-05-2011 13:00,148
14-11-2012 13:00,200
04-09-2011 3:00,22
19-08-2012 08:00,122
10-03-2012 12:00,419
07-10-2011 6:00,97
19-12-2011 10:00,128
14-06-2011 21:00,183
12-01-2012 12:00,135
06-04-2011 22:00,82
19-05-2012 00:00,159
03-07-2012 3:00,6
14-03-2011 19:00,168
13-07-2012 13:00,308
14-03-2011 14:00,79
15-02-2012 09:00,240
02-11-2012 13:00,266
08-02-2012 22:00,104
01-05-2011 18:00,237
19-12-2011 20:00,214
14-03-2011 09:00,140
18-12-2011 03:00,22
18-05-2012 00:00,96
01-07-2011 16:00,534
06-03-2012 6:00,74
17-12-2012 22:00,123
17-03-2012 21:00,229
10-10-2011 19:00,264
15-09-2012 04:00,12
08-02-2012 3:00,2
06-01-2012 15:00,247
19-04-2012 08:00,516
12-07-2012 4:00,8
19-04-2012 00:00,41
02-04-2012 16:00,546
16-02-2012 17:00,139
19-08-2012 15:00,257
02-05-2012 23:00,86
07-03-2012 14:00,176
17-02-2011 18:00,236
01-05-2011 16:00,316
11-02-2012 5:00,4
13-07-2012 06:00,133
09-02-2011 14:00,51
19-08-2012 02:00,91
14-08-2012 07:00,418
15-01-2011 00:00,33
02-07-2011 0:00,94
04-04-2011 2:00,5
18-01-2012 08:00,334
15-11-2012 23:00,105
13-07-2012 23:00,185
17-07-2012 08:00,667
08-10-2012 21:00,140
19-05-2012 02:00,94
11-01-2012 22:00,51
18-03-2011 10:00,162
19-09-2011 08:00,371
02-05-2012 20:00,403
10-07-2011 0:00,135
06-04-2012 11:00,223
13-10-2012 16:00,483
01-06-2011 19:00,269
02-11-2011 0:00,24
17-12-2011 15:00,177
04-07-2011 21:00,347
03-11-2012 1:00,77
06-12-2012 9:00,402
13-10-2012 10:00,293
18-02-2011 21:00,106
08-04-2012 21:00,155
16-10-2012 00:00,32
13-10-2011 09:00,93
04-10-2012 11:00,242
09-12-2012 10:00,140
18-08-2012 13:00,730
13-02-2011 04:00,1
03-08-2011 12:00,119
08-02-2012 9:00,230
08-08-2012 17:00,768
15-10-2011 06:00,23
04-06-2011 7:00,56
07-06-2011 5:00,21
04-07-2011 10:00,210
06-01-2012 0:00,25
19-11-2011 03:00,13
08-04-2011 9:00,130
07-10-2012 6:00,19
07-05-2012 2:00,8
03-06-2012 20:00,273
02-02-2011 21:00,53
17-05-2012 22:00,258
14-03-2012 22:00,172
02-09-2011 11:00,200
17-10-2011 08:00,530
17-09-2011 18:00,413
06-12-2012 11:00,214
17-04-2012 20:00,416
05-06-2012 4:00,4
06-01-2011 16:00,110
15-09-2012 02:00,101
12-01-2012 1:00,5
14-11-2011 12:00,179
13-09-2012 21:00,312
12-02-2012 2:00,28
17-09-2012 15:00,327
10-05-2011 8:00,300
11-10-2011 7:00,216
01-12-2012 8:00,121
16-07-2012 06:00,149
16-01-2012 14:00,298
12-11-2012 11:00,309
17-12-2011 14:00,233
16-06-2011 10:00,204
02-09-2011 23:00,120
05-08-2012 11:00,364
15-02-2012 06:00,81
05-07-2012 22:00,224
02-06-2011 11:00,167
16-12-2011 21:00,101
04-10-2011 13:00,149
09-02-2011 13:00,57
02-01-2011 12:00,127
19-03-2011 01:00,55
06-11-2012 16:00,379
04-05-2012 10:00,277
05-09-2011 17:00,111
10-06-2011 12:00,152
12-11-2012 23:00,46
05-03-2012 19:00,249
04-05-2011 3:00,3
09-08-2011 12:00,153
07-06-2011 6:00,95
08-05-2012 3:00,4
19-10-2012 20:00,279
09-11-2011 9:00,258
19-03-2012 03:00,4
01-11-2012 6:00,154
08-07-2011 14:00,175
07-08-2012 13:00,267
05-12-2012 13:00,265
09-02-2012 21:00,156
02-05-2011 15:00,213
05-08-2012 4:00,12
18-12-2012 15:00,332
15-04-2011 14:00,120
19-02-2012 14:00,259
18-07-2012 09:00,423
11-07-2012 20:00,422
19-11-2012 02:00,6
01-01-2012 2:00,43
09-04-2011 4:00,1
01-03-2012 15:00,214
16-05-2012 05:00,27
06-12-2011 14:00,38
14-02-2011 05:00,8
11-05-2011 7:00,269
13-12-2011 22:00,103
10-02-2011 23:00,29
01-09-2012 12:00,775
18-12-2011 14:00,248
19-12-2011 11:00,105
14-06-2012 03:00,7
03-07-2011 6:00,11
03-02-2011 9:00,99
19-06-2011 22:00,120
10-12-2012 17:00,665
09-08-2012 14:00,294
13-08-2012 13:00,248
12-03-2011 19:00,136
19-09-2011 18:00,567
12-09-2012 11:00,221
14-10-2012 22:00,126
10-03-2012 20:00,166
17-02-2011 20:00,122
08-07-2012 16:00,335
11-07-2012 1:00,18
15-05-2012 14:00,195
09-07-2012 19:00,580
17-11-2011 09:00,213
13-03-2012 03:00,2
19-10-2012 02:00,9
07-02-2011 9:00,105
15-07-2012 17:00,205
04-07-2011 21:00,311
18-08-2012 10:00,327
15-03-2011 23:00,30
08-11-2011 8:00,394
01-01-2011 18:00,43
19-01-2012 02:00,5
14-07-2011 22:00,211
02-08-2012 18:00,781
06-06-2011 11:00,138
02-05-2011 4:00,9
01-02-2011 10:00,75
02-07-2011 1:00,93
08-12-2011 19:00,217
17-09-2011 22:00,120
11-05-2011 17:00,508
07-12-2011 4:00,2
16-12-2011 01:00,27
10-06-2011 2:00,10
04-12-2011 14:00,295
19-04-2012 04:00,7
11-10-2012 17:00,825
15-04-2011 22:00,278
10-06-2012 0:00,163
01-08-2011 20:00,326
03-02-2012 20:00,189
11-07-2011 12:00,134
16-08-2011 20:00,263
02-04-2011 4:00,3
09-01-2012 13:00,101
18-04-2012 15:00,97
13-03-2011 07:00,17
11-10-2011 5:00,15
04-08-2011 18:00,412
03-10-2011 22:00,69
17-02-2012 04:00,5
06-11-2011 17:00,321
12-08-2011 22:00,187
10-09-2011 20:00,263
02-12-2012 1:00,124
09-08-2012 12:00,280
10-10-2012 7:00,556
18-11-2011 03:00,3
11-12-2012 14:00,169
07-02-2012 17:00,416
09-08-2012 4:00,9
11-07-2011 0:00,61
07-08-2012 11:00,215
02-01-2012 18:00,260
18-01-2012 03:00,4
08-09-2011 10:00,81
14-07-2012 20:00,327
12-01-2012 10:00,173
05-09-2011 19:00,67
07-11-2011 9:00,174
06-12-2011 1:00,7
06-06-2012 22:00,205
12-03-2011 14:00,202
17-08-2012 00:00,109
01-07-2012 1:00,140
09-01-2012 22:00,74
01-02-2011 23:00,27
14-03-2012 13:00,257
11-05-2012 18:00,771
11-11-2012 7:00,74
15-11-2011 07:00,282
04-07-2011 15:00,214
12-09-2012 19:00,556
09-12-2011 5:00,14
18-10-2011 09:00,201
02-07-2011 23:00,160
04-01-2011 21:00,47
05-09-2011 18:00,113
03-07-2011 23:00,109
13-04-2011 05:00,7
15-01-2011 12:00,123
13-09-2011 07:00,294
19-10-2012 04:00,7
18-11-2012 11:00,340
07-01-2011 8:00,124
17-07-2012 19:00,515
12-12-2012 12:00,204
15-11-2012 19:00,314
19-12-2011 16:00,282
12-12-2011 20:00,193
05-06-2011 13:00,515
02-09-2012 15:00,373
12-06-2011 12:00,416
02-09-2012 7:00,52
17-08-2011 06:00,75
19-08-2011 04:00,5
03-01-2012 19:00,135
07-09-2011 8:00,132
16-09-2011 21:00,186
01-01-2012 4:00,2
06-09-2012 1:00,13
15-02-2011 12:00,62
03-11-2012 16:00,362
14-02-2012 19:00,226
19-04-2011 06:00,67
01-12-2012 13:00,542
03-04-2012 3:00,3
17-06-2012 19:00,402
12-01-2011 14:00,50
14-12-2012 01:00,21
10-08-2011 0:00,54
16-11-2012 08:00,472
10-01-2012 22:00,94
01-04-2011 17:00,213
14-06-2012 20:00,434
06-01-2012 17:00,455
18-05-2011 22:00,134
02-03-2012 19:00,56
12-12-2011 15:00,163
11-05-2012 6:00,125
07-07-2012 5:00,12
06-03-2011 1:00,44
01-02-2011 15:00,58
06-04-2012 10:00,232
05-09-2012 16:00,506
07-12-2011 22:00,16
01-11-2011 0:00,21
16-11-2012 08:00,489
14-11-2011 07:00,367
14-09-2011 10:00,171
09-11-2011 7:00,317
02-12-2011 22:00,109
06-02-2011 7:00,11
10-09-2012 1:00,11
05-09-2011 0:00,65
07-07-2011 8:00,364
01-12-2011 5:00,13
08-02-2012 7:00,262
01-09-2012 5:00,10
09-11-2012 22:00,203
19-04-2011 14:00,131
09-04-2011 15:00,116
08-01-2012 13:00,378
13-10-2011 21:00,174
18-10-2011 07:00,272
17-03-2011 05:00,10
01-12-2011 9:00,231
09-02-2011 13:00,59
01-11-2011 13:00,141
19-02-2012 06:00,7
04-04-2011 20:00,201
09-07-2011 8:00,119
06-07-2012 1:00,26
08-09-2012 9:00,213
18-01-2012 14:00,110
10-01-2012 2:00,3
15-06-2011 10:00,164
07-09-2012 6:00,147
10-09-2011 10:00,242
17-12-2011 20:00,91
15-11-2011 20:00,184
08-03-2012 11:00,201
04-09-2011 6:00,19
16-10-2012 15:00,376
01-07-2011 1:00,24
03-11-2012 12:00,642
15-04-2012 17:00,545
09-10-2012 11:00,184
04-03-2012 18:00,210
01-12-2012 3:00,21
06-10-2011 17:00,557
19-03-2012 04:00,6
19-11-2011 12:00,430
14-08-2012 18:00,832
02-02-2012 23:00,75
13-06-2012 20:00,466
19-11-2012 16:00,380
16-10-2011 12:00,656
09-03-2012 8:00,470
01-07-2011 18:00,540
07-08-2012 5:00,35
14-06-2011 17:00,475
16-02-2011 12:00,70
17-09-2012 17:00,825
19-08-2011 19:00,253
16-10-2012 19:00,531
03-12-2012 4:00,7
08-09-2011 20:00,124
02-04-2012 20:00,291
18-10-2012 22:00,160
18-05-2011 16:00,281
13-06-2011 20:00,325
10-10-2011 5:00,11
06-12-2011 0:00,19
15-10-2011 03:00,22
12-08-2012 22:00,167
05-11-2012 9:00,376
04-08-2011 11:00,143
16-05-2012 10:00,261
14-04-2012 11:00,529
13-07-2012 23:00,182
04-10-2012 10:00,278
07-10-2012 18:00,222
16-03-2011 13:00,89
17-08-2011 18:00,493
18-06-2011 04:00,10
01-06-2012 20:00,59
05-08-2011 6:00,91
16-10-2011 02:00,59
03-09-2012 17:00,368
18-10-2011 16:00,316
13-07-2011 13:00,182
11-01-2012 5:00,15
06-12-2011 4:00,3
10-02-2011 16:00,88
19-07-2011 04:00,8
04-02-2011 8:00,115
14-04-2012 01:00,95
16-03-2011 11:00,75
06-08-2011 19:00,171
05-12-2012 9:00,380
03-05-2011 0:00,29
13-12-2012 21:00,212
03-04-2011 20:00,54
19-12-2012 17:00,582
13-07-2011 04:00,6
10-01-2011 9:00,91
19-05-2012 04:00,14
09-11-2011 6:00,99
12-10-2012 16:00,574
05-03-2011 4:00,2
05-03-2011 2:00,21
09-02-2011 11:00,50
05-03-2012 9:00,271
03-02-2012 0:00,34
08-08-2011 23:00,63
14-04-2012 15:00,426
07-01-2012 17:00,269
06-03-2011 6:00,2
04-08-2012 21:00,287
07-07-2011 16:00,324
10-07-2012 10:00,212
13-04-2011 12:00,45
04-03-2011 14:00,80
15-10-2012 19:00,273
10-07-2011 2:00,80
08-03-2011 13:00,70
10-04-2012 11:00,233
06-09-2011 17:00,285
09-01-2011 9:00,19
15-08-2011 14:00,124
01-03-2011 8:00,190
11-01-2011 19:00,87
18-09-2011 00:00,80
08-11-2011 12:00,167
03-10-2011 9:00,197
06-12-2011 13:00,41
18-02-2011 04:00,3
13-10-2011 14:00,162
17-09-2012 02:00,7
15-04-2012 11:00,375
02-03-2011 8:00,158
15-10-2011 10:00,223
04-08-2012 5:00,12
06-09-2011 15:00,45
12-03-2012 9:00,259
11-06-2012 14:00,205
19-10-2011 00:00,35
08-11-2012 19:00,304
01-07-2011 5:00,33
17-11-2012 10:00,261
16-05-2011 02:00,6
10-08-2012 12:00,268
19-06-2012 18:00,739
05-09-2011 3:00,14
14-12-2011 04:00,4
02-08-2012 8:00,636
05-03-2012 10:00,169
04-01-2012 18:00,209
17-07-2012 11:00,222
05-08-2011 10:00,173
12-12-2011 16:00,276
16-01-2012 06:00,10
03-02-2012 23:00,63
03-05-2011 2:00,8
04-06-2011 21:00,205
19-10-2011 18:00,199
16-08-2012 10:00,264
01-01-2011 14:00,84
14-12-2011 03:00,3
17-01-2012 18:00,386
19-11-2012 20:00,289
19-10-2011 16:00,173
16-04-2012 00:00,34
06-06-2012 12:00,273
11-11-2011 13:00,416
11-03-2011 5:00,8
10-04-2011 7:00,17
08-08-2012 21:00,352
05-03-2011 18:00,154
05-11-2011 6:00,12
16-07-2011 20:00,309
13-12-2012 00:00,52
04-01-2012 9:00,188
18-08-2011 11:00,129
15-11-2012 22:00,157
13-11-2012 14:00,170
09-12-2011 21:00,119
06-04-2012 3:00,6
10-08-2012 16:00,538
17-09-2011 04:00,7
16-11-2011 21:00,65
12-06-2011 19:00,257
01-12-2011 7:00,170
16-07-2011 09:00,162
04-09-2011 23:00,94
19-08-2011 12:00,180
15-10-2012 23:00,93
05-07-2012 17:00,568
15-08-2011 09:00,204
14-01-2011 22:00,41
15-12-2012 16:00,362
01-04-2011 4:00,2
14-08-2012 02:00,7
11-04-2012 1:00,7
11-06-2012 8:00,656
14-03-2011 07:00,151
17-06-2012 22:00,165
16-09-2011 02:00,7
08-08-2011 19:00,363
19-05-2012 21:00,344
18-05-2012 12:00,306
06-08-2012 22:00,195
19-09-2012 17:00,816
18-04-2012 07:00,379
18-02-2012 00:00,68
14-02-2011 19:00,167
17-08-2012 15:00,577
11-03-2011 16:00,139
17-05-2011 22:00,109
13-04-2011 06:00,30
17-10-2011 10:00,198
09-07-2012 10:00,135
10-10-2012 20:00,357
05-08-2012 22:00,134
18-06-2011 22:00,178
09-06-2012 11:00,670
09-03-2011 12:00,58
12-04-2012 19:00,411
10-10-2011 20:00,244
19-03-2011 13:00,358
11-09-2011 15:00,429
13-06-2012 15:00,319
08-03-2012 20:00,215
12-01-2011 23:00,10
13-12-2011 03:00,3
05-08-2011 10:00,177
08-05-2011 23:00,81
08-12-2011 4:00,5
13-07-2012 17:00,907
09-10-2011 7:00,50
17-10-2012 00:00,35
05-07-2012 11:00,199
07-09-2011 11:00,20
10-02-2011 1:00,6
04-05-2012 16:00,478
19-09-2011 23:00,79
16-12-2011 10:00,157
14-06-2011 07:00,302
06-11-2011 9:00,99
18-01-2012 17:00,292
09-12-2012 19:00,123
15-11-2011 18:00,411
01-10-2011 12:00,283
10-06-2011 20:00,270
01-08-2011 9:00,207
08-07-2012 6:00,21
08-10-2012 18:00,517
14-06-2011 23:00,93
01-06-2011 0:00,30
02-08-2012 20:00,413
08-08-2011 9:00,274
07-06-2012 12:00,271
08-09-2012 22:00,187
16-12-2011 15:00,159
09-10-2011 8:00,96
19-08-2012 11:00,195
13-04-2011 17:00,238
11-03-2012 13:00,643
18-09-2012 02:00,4
05-11-2012 11:00,180
17-05-2011 15:00,136
11-06-2011 10:00,226
18-06-2012 17:00,601
13-06-2012 07:00,505
04-05-2011 18:00,446
14-07-2012 22:00,249
07-08-2012 9:00,368
03-12-2012 20:00,336
17-07-2011 09:00,138
05-01-2012 10:00,135
01-09-2011 1:00,18
03-08-2011 2:00,10
02-05-2012 7:00,355
07-02-2011 13:00,71
10-02-2012 5:00,13
06-07-2012 2:00,13
17-04-2012 17:00,736
06-10-2011 6:00,99
01-07-2012 14:00,381
04-09-2012 23:00,111
15-02-2012 15:00,171
07-09-2012 0:00,92
13-07-2011 10:00,137
10-06-2011 21:00,216
19-01-2012 19:00,232
08-05-2011 16:00,412
19-12-2011 18:00,403
13-08-2011 19:00,257
10-05-2011 22:00,124
14-08-2012 16:00,521
04-09-2012 6:00,117
01-08-2011 21:00,233
03-12-2012 0:00,20
18-10-2011 14:00,219
19-09-2012 21:00,329
10-01-2012 13:00,157
17-12-2012 23:00,44
19-01-2012 22:00,130
15-04-2011 21:00,124
14-11-2012 18:00,528
19-08-2012 06:00,25
19-05-2012 16:00,420
05-03-2012 5:00,13
18-01-2011 13:00,33
01-02-2012 6:00,77
03-12-2012 16:00,454
16-06-2012 11:00,684
12-02-2012 15:00,105
06-09-2012 6:00,135
03-08-2012 5:00,34
06-07-2012 15:00,284
07-11-2011 8:00,351
04-06-2012 14:00,209
18-11-2012 08:00,128
02-10-2012 18:00,488
15-07-2011 20:00,329
07-09-2012 17:00,758
01-11-2011 21:00,141
03-09-2012 13:00,583
12-03-2012 1:00,5
17-10-2012 13:00,243
15-07-2011 00:00,63
09-04-2012 22:00,161
10-06-2011 7:00,248
15-02-2012 20:00,184
15-10-2012 20:00,413
08-08-2011 16:00,298
03-09-2012 1:00,76
01-12-2012 15:00,316
08-08-2011 7:00,342
06-10-2012 7:00,93
17-02-2011 04:00,2
07-11-2012 6:00,119
09-06-2011 6:00,81
07-12-2012 17:00,596
18-08-2011 00:00,51
18-09-2011 02:00,49
19-04-2011 15:00,157
03-10-2012 6:00,138
07-01-2011 14:00,64
11-08-2011 14:00,211
10-09-2012 10:00,212
04-02-2011 19:00,111
10-12-2012 21:00,220
02-07-2011 3:00,21
18-05-2012 21:00,304
02-07-2011 16:00,254
16-06-2012 07:00,114
05-02-2011 19:00,61
02-11-2012 8:00,700
19-07-2012 15:00,290
11-07-2012 13:00,239
09-01-2012 22:00,79
02-02-2012 0:00,36
11-04-2012 9:00,245
19-04-2012 03:00,5
06-04-2012 20:00,264
07-03-2011 4:00,1
06-03-2011 6:00,1
15-02-2012 21:00,150
07-06-2012 7:00,489
02-08-2011 16:00,261
14-04-2012 06:00,23
14-10-2011 15:00,189
03-02-2011 8:00,128
17-12-2011 02:00,45
09-03-2012 10:00,173
06-08-2012 13:00,242
07-05-2012 6:00,135
03-02-2011 14:00,54
01-01-2012 10:00,62
09-06-2011 22:00,177
12-08-2012 11:00,434
17-03-2011 01:00,10
15-03-2011 10:00,87
07-07-2012 10:00,209
06-10-2011 8:00,434
14-03-2011 10:00,90
15-03-2012 23:00,98
12-07-2011 9:00,196
08-12-2011 18:00,286
05-10-2012 5:00,39
15-05-2012 23:00,45
03-06-2011 14:00,184
15-01-2012 16:00,135
02-02-2012 4:00,3
14-08-2011 17:00,352
05-05-2012 12:00,666
12-02-2012 16:00,136
03-07-2011 4:00,8
06-06-2011 16:00,336
19-11-2011 06:00,8
13-02-2012 05:00,13
08-10-2012 10:00,355
05-11-2012 5:00,29
18-06-2011 20:00,283
08-01-2011 18:00,43
17-04-2012 11:00,172
14-07-2011 00:00,52
04-11-2012 8:00,120
04-11-2012 18:00,295
03-01-2012 7:00,206
02-11-2012 19:00,317
08-03-2012 4:00,5
02-05-2012 16:00,472
13-05-2012 04:00,8
14-09-2012 01:00,28
03-02-2011 19:00,93
11-08-2012 9:00,202
09-01-2011 7:00,7
12-01-2011 5:00,4
17-05-2012 14:00,282
17-08-2011 07:00,282
19-01-2012 16:00,213
16-11-2012 00:00,51
01-12-2012 9:00,146
10-05-2012 9:00,393
15-05-2012 21:00,170
04-11-2012 11:00,358
14-10-2011 03:00,4
09-07-2012 5:00,24
02-06-2011 17:00,567
06-07-2011 14:00,124
15-10-2012 04:00,7
12-08-2011 11:00,151
17-04-2011 16:00,265
08-01-2012 18:00,161
17-01-2012 23:00,56
10-11-2011 12:00,139
17-06-2012 15:00,507
04-05-2011 7:00,43
12-02-2012 23:00,29
05-05-2012 12:00,747
19-04-2011 22:00,78
17-05-2011 07:00,224
05-02-2012 15:00,190
18-04-2011 10:00,124
15-10-2011 23:00,140
13-11-2012 05:00,23
01-11-2012 10:00,175
08-09-2011 15:00,71
11-02-2012 14:00,214
04-11-2012 16:00,301
04-08-2011 13:00,181
05-11-2012 14:00,181
02-11-2012 15:00,282
03-04-2011 6:00,7
11-07-2012 10:00,227
05-09-2012 6:00,136
16-09-2011 14:00,208
10-11-2012 9:00,230
10-05-2012 5:00,26
19-03-2012 15:00,342
06-08-2011 16:00,299
16-04-2011 19:00,53
14-11-2012 11:00,184
08-04-2011 3:00,3
04-05-2012 15:00,382
09-10-2012 14:00,259
02-05-2012 1:00,24
07-07-2011 18:00,451
07-05-2011 21:00,197
14-02-2011 14:00,103
12-02-2012 22:00,41
09-03-2011 10:00,73
12-07-2011 8:00,346
01-04-2011 19:00,128
10-11-2011 1:00,11
14-07-2012 13:00,871
14-09-2011 08:00,424
11-07-2011 14:00,139
19-04-2012 20:00,327
10-06-2011 14:00,155
15-07-2011 04:00,7
08-06-2011 16:00,296
11-01-2011 0:00,6
09-09-2012 7:00,81
18-05-2012 13:00,323
16-12-2012 22:00,45
02-10-2012 0:00,39
01-10-2011 19:00,140
12-06-2012 20:00,410
12-02-2011 20:00,59
09-03-2012 6:00,89
15-05-2011 04:00,5
12-02-2012 14:00,140
16-09-2011 01:00,15
01-03-2012 19:00,299
16-07-2011 07:00,65
03-11-2011 4:00,7
12-05-2011 8:00,396
17-01-2011 21:00,15
16-10-2012 14:00,298
07-05-2012 12:00,187
12-12-2012 19:00,348
11-08-2012 16:00,487
18-01-2012 05:00,11
11-12-2011 16:00,170
15-05-2011 08:00,69
05-04-2012 2:00,11
05-08-2011 7:00,280
17-04-2011 09:00,97
07-12-2011 19:00,46
07-11-2012 18:00,456
15-07-2012 20:00,195
05-09-2012 2:00,7
11-12-2012 8:00,553
09-07-2011 21:00,250
07-12-2011 11:00,34
01-11-2012 16:00,448
17-03-2011 00:00,22
11-08-2012 4:00,12
02-01-2012 23:00,45
08-07-2012 1:00,194
16-03-2012 11:00,233
19-12-2012 18:00,516
19-08-2012 20:00,177
17-03-2011 10:00,135
04-03-2012 19:00,120
08-08-2011 3:00,6
04-12-2011 16:00,235
18-02-2012 11:00,297
09-08-2012 10:00,289
14-07-2011 06:00,105
17-01-2012 09:00,119
15-05-2012 16:00,413
15-12-2011 12:00,97
06-11-2011 23:00,67
06-02-2012 22:00,81
07-07-2012 9:00,177
19-11-2011 20:00,161
16-12-2011 10:00,172
16-10-2012 05:00,27
10-02-2012 13:00,151
06-06-2012 8:00,718
17-05-2012 01:00,28
19-12-2012 03:00,4
03-12-2011 10:00,151
10-01-2011 21:00,39
11-09-2011 4:00,9
19-06-2012 20:00,467
02-02-2011 22:00,47
11-05-2011 14:00,158
18-06-2011 15:00,235
05-06-2011 10:00,194
08-02-2012 18:00,131
15-07-2012 12:00,701
04-11-2012 19:00,216
02-08-2011 6:00,94
02-11-2012 3:00,8
14-05-2011 14:00,215
15-08-2011 18:00,488
06-08-2011 17:00,327
13-05-2012 16:00,458
15-01-2011 15:00,71
16-06-2011 05:00,18
17-10-2012 22:00,175
17-11-2011 08:00,202
17-07-2011 16:00,351
12-10-2011 15:00,86
13-08-2011 14:00,319
09-06-2012 4:00,13
09-08-2011 21:00,214
10-02-2011 4:00,2
10-04-2012 14:00,241
03-06-2011 7:00,272
12-11-2012 17:00,615
06-10-2012 10:00,309
16-11-2011 15:00,75
04-06-2011 4:00,8
13-06-2012 17:00,862
08-05-2011 12:00,625
05-06-2011 6:00,17
06-12-2012 8:00,574
01-02-2011 2:00,2
13-09-2012 02:00,11
01-10-2012 23:00,66
06-10-2011 14:00,209
14-06-2012 01:00,13
02-01-2012 5:00,4
18-04-2012 16:00,236
08-09-2012 17:00,331
03-04-2012 12:00,289
01-10-2011 2:00,60
13-04-2012 15:00,354
09-03-2011 13:00,50
10-05-2011 9:00,204
04-04-2012 6:00,94
15-02-2012 07:00,284
09-01-2012 4:00,4
03-03-2011 19:00,79
02-06-2011 22:00,216
10-01-2012 6:00,63
16-09-2012 21:00,203
17-01-2012 00:00,12
18-10-2011 06:00,96
19-10-2012 09:00,331
16-02-2011 16:00,146
07-04-2011 22:00,79
19-07-2012 18:00,749
10-03-2011 22:00,57
07-10-2011 13:00,236
06-11-2012 3:00,3
02-11-2011 19:00,251
15-03-2011 01:00,5
10-02-2012 1:00,11
02-03-2012 5:00,17
01-06-2011 2:00,8
07-05-2012 10:00,180
14-01-2011 05:00,5
04-04-2012 0:00,46
13-10-2011 22:00,158
12-07-2011 20:00,242
11-02-2012 22:00,49
15-05-2012 19:00,484
11-12-2011 17:00,203
19-06-2012 12:00,228
08-10-2012 20:00,153
01-03-2011 23:00,18
19-07-2012 14:00,240
14-07-2012 17:00,376
04-06-2011 19:00,287
15-06-2012 00:00,75
13-06-2012 11:00,228
08-04-2012 16:00,475
14-05-2012 10:00,77
19-07-2011 05:00,28
11-11-2012 19:00,260
19-06-2012 07:00,507
02-05-2012 14:00,231
15-07-2012 10:00,239
09-07-2012 8:00,411
01-07-2011 14:00,258
12-03-2012 16:00,424
19-02-2011 04:00,1
12-12-2011 21:00,125
16-08-2012 15:00,363
18-12-2011 06:00,6
12-12-2011 17:00,274
01-02-2011 18:00,174
08-02-2011 1:00,4
18-07-2012 16:00,393
08-06-2012 11:00,236
10-06-2012 22:00,176
02-07-2012 20:00,387
04-05-2012 22:00,275
09-08-2011 8:00,356
13-12-2012 12:00,261
02-06-2011 10:00,226
04-11-2012 20:00,141
03-12-2012 7:00,427
03-12-2012 3:00,3
13-05-2012 05:00,9
11-04-2012 2:00,4
11-04-2012 5:00,19
03-06-2012 14:00,641
05-12-2011 14:00,121
02-08-2012 12:00,266
04-10-2011 7:00,287
13-04-2012 03:00,4
08-06-2012 13:00,262
11-04-2011 20:00,180
19-11-2012 18:00,694
14-07-2012 22:00,216
19-02-2011 21:00,32
12-12-2011 12:00,136
06-07-2011 0:00,36
07-02-2012 16:00,270
03-07-2011 12:00,613
06-07-2011 10:00,113
13-09-2011 04:00,5
10-05-2012 0:00,31
12-01-2012 0:00,11
18-04-2011 22:00,89
15-05-2011 10:00,176
09-06-2011 4:00,5
07-01-2011 10:00,67
17-09-2012 19:00,407
12-03-2011 16:00,185
13-02-2012 22:00,75
12-06-2011 2:00,70
16-07-2012 23:00,98
11-11-2012 13:00,895
13-04-2011 20:00,136
07-03-2012 17:00,513
07-07-2011 7:00,190
05-03-2011 17:00,170
19-04-2012 19:00,445
12-06-2011 22:00,119
10-11-2011 11:00,133
04-06-2012 0:00,97
06-12-2011 18:00,186
12-08-2011 21:00,227
09-03-2012 22:00,87
04-05-2012 8:00,624
10-01-2011 3:00,1
04-09-2011 17:00,478
06-10-2012 3:00,26
17-04-2012 09:00,392
08-04-2012 10:00,277
08-10-2011 18:00,431
08-03-2011 7:00,147
19-09-2012 05:00,30
07-03-2011 16:00,151
04-02-2012 11:00,239
13-05-2011 08:00,363
14-09-2011 21:00,185
07-10-2012 10:00,221
17-11-2012 03:00,20
04-09-2011 7:00,54
07-06-2012 8:00,689
08-08-2011 2:00,7
03-07-2012 15:00,386
04-08-2011 21:00,184
03-04-2011 17:00,162
01-10-2012 9:00,272
05-08-2011 17:00,546
14-08-2012 05:00,28
05-12-2012 12:00,242
03-05-2012 5:00,23
18-02-2012 09:00,106
05-09-2012 14:00,278
07-12-2012 20:00,131
17-11-2011 08:00,194
07-02-2011 1:00,3
17-03-2011 19:00,206
12-09-2011 22:00,114
13-06-2011 16:00,356
19-02-2011 14:00,160
15-05-2011 12:00,473
15-04-2012 15:00,453
01-12-2012 22:00,123
04-08-2011 12:00,168
19-10-2012 15:00,365
13-06-2011 13:00,177
16-11-2011 20:00,81
14-12-2012 21:00,192
10-07-2012 17:00,684
03-01-2011 15:00,71
15-06-2012 04:00,11
09-02-2011 10:00,74
01-03-2011 22:00,35
11-02-2011 6:00,35
03-01-2012 4:00,3
01-03-2011 1:00,4
03-10-2011 4:00,4
02-09-2011 15:00,222
01-04-2012 6:00,18
14-05-2012 17:00,249
03-02-2012 13:00,214
05-10-2012 0:00,110
07-02-2012 13:00,144
13-05-2012 18:00,464
16-08-2012 14:00,277
09-02-2012 23:00,78
13-01-2011 06:00,27
10-10-2011 9:00,194
12-03-2012 19:00,368
15-04-2011 15:00,225
06-03-2011 3:00,6
15-01-2011 03:00,10
06-02-2011 3:00,6
04-05-2012 4:00,11
06-02-2012 20:00,181
10-03-2012 16:00,304
07-09-2011 5:00,12
14-12-2012 05:00,24
05-06-2011 22:00,138
03-01-2011 14:00,58
16-07-2011 01:00,126
12-03-2011 9:00,60
08-05-2011 7:00,39
09-11-2012 8:00,687
09-02-2012 2:00,5
02-10-2011 16:00,134
18-12-2011 09:00,67
04-08-2012 20:00,369
03-08-2012 23:00,167
19-03-2012 08:00,579
16-02-2012 14:00,68
06-08-2011 10:00,170
07-01-2011 13:00,56
14-11-2012 19:00,365
05-08-2011 5:00,20
16-10-2012 16:00,622
07-09-2012 11:00,227
06-11-2011 7:00,33
19-02-2011 23:00,16
04-04-2011 9:00,205
10-11-2011 4:00,6
16-10-2012 21:00,220
09-05-2011 22:00,108
02-02-2012 1:00,11
09-05-2011 14:00,156
11-09-2011 11:00,362
04-01-2012 23:00,57
18-06-2011 07:00,77
18-03-2011 09:00,233
12-09-2012 12:00,275
16-07-2012 04:00,9
05-05-2012 13:00,743
14-11-2011 16:00,299
11-06-2011 8:00,123
14-12-2011 02:00,4
10-07-2011 20:00,250
12-10-2012 9:00,464
01-04-2011 7:00,120
17-05-2011 14:00,117
03-01-2012 20:00,107
15-06-2011 09:00,232
19-02-2012 00:00,57
10-06-2012 9:00,230
17-05-2012 21:00,313
14-03-2012 09:00,435
12-05-2012 17:00,590
13-08-2011 08:00,87
10-04-2011 1:00,59
05-05-2011 1:00,10
15-09-2011 04:00,6
12-05-2012 1:00,120
07-12-2012 12:00,203
10-11-2012 14:00,626
14-01-2012 14:00,190
07-07-2011 13:00,208
18-01-2012 06:00,73
19-08-2011 18:00,365
14-04-2012 20:00,236
08-10-2011 2:00,64
01-07-2011 22:00,205
11-12-2012 3:00,2
08-02-2012 16:00,87
12-10-2012 4:00,11
13-10-2011 07:00,118
12-12-2011 13:00,134
18-05-2011 17:00,498
19-06-2012 15:00,234
08-01-2012 16:00,257
07-09-2011 0:00,11
09-02-2011 7:00,190
12-10-2012 18:00,672
09-01-2011 22:00,8
11-11-2011 2:00,12
12-06-2011 8:00,94
09-08-2012 7:00,472
11-06-2012 23:00,116
10-11-2012 6:00,30
10-02-2012 22:00,89
04-11-2012 10:00,264
04-08-2012 13:00,683
07-01-2011 22:00,29
08-10-2012 6:00,73
14-12-2011 08:00,297
14-06-2012 14:00,245
15-06-2012 14:00,258
01-08-2011 0:00,54
16-07-2011 03:00,26
02-07-2012 23:00,91
13-04-2012 00:00,53
12-05-2012 19:00,368
09-05-2011 5:00,20
06-01-2011 19:00,100
03-10-2012 5:00,30
17-07-2012 18:00,678
12-01-2011 15:00,59
01-04-2012 1:00,83
02-06-2011 6:00,87
10-12-2012 3:00,3
16-08-2011 00:00,37
19-12-2012 01:00,9
16-01-2012 18:00,122
01-09-2012 13:00,781
11-04-2012 12:00,127
12-07-2011 9:00,194
08-02-2011 14:00,52
19-12-2011 07:00,258
10-03-2011 16:00,35
06-12-2011 2:00,5
12-08-2011 5:00,24
15-09-2011 17:00,187
04-01-2011 16:00,109
07-11-2011 11:00,134
05-07-2011 0:00,49
04-03-2011 5:00,20
01-09-2012 11:00,497
05-05-2011 17:00,472
10-06-2012 10:00,316
12-05-2011 6:00,82
03-03-2012 20:00,178
05-10-2012 15:00,403
15-08-2011 19:00,281
11-06-2012 3:00,6
17-06-2012 13:00,936
01-02-2011 15:00,56
01-12-2012 1:00,68
06-03-2012 12:00,147
04-08-2011 23:00,123
11-03-2012 17:00,440
10-10-2012 9:00,458
10-07-2011 19:00,265
06-03-2012 18:00,379
14-04-2012 05:00,10
02-11-2012 17:00,574
07-04-2012 19:00,330
06-04-2012 23:00,120
10-07-2012 8:00,578
10-03-2011 10:00,14
05-08-2012 19:00,258
19-09-2012 20:00,425
03-10-2012 4:00,10
03-11-2011 10:00,144
10-02-2011 11:00,60
01-06-2012 22:00,81
15-02-2011 01:00,5
19-04-2012 15:00,283
18-05-2012 07:00,613
18-06-2012 06:00,72
14-06-2011 18:00,482
08-09-2012 18:00,279
03-06-2012 0:00,159
02-06-2012 23:00,201
15-09-2012 22:00,215
19-01-2012 09:00,289
14-01-2011 16:00,109
19-10-2012 21:00,187
18-05-2012 10:00,297
10-09-2011 2:00,56
19-11-2012 15:00,249
18-01-2012 01:00,8
13-12-2012 10:00,278
12-02-2012 16:00,124
04-09-2012 0:00,19
09-04-2011 21:00,60
04-03-2011 13:00,83
06-08-2012 10:00,246
10-09-2012 11:00,194
08-07-2012 21:00,206
18-06-2011 23:00,165
18-02-2012 10:00,158
09-11-2011 11:00,152
14-02-2011 08:00,202
15-02-2012 10:00,152
06-06-2012 15:00,333
12-09-2012 23:00,144
13-05-2012 15:00,430
19-07-2011 18:00,473
14-06-2012 18:00,787
18-09-2011 19:00,189
15-07-2011 08:00,416
17-06-2011 04:00,6
01-01-2011 2:00,15
15-03-2012 21:00,251
19-09-2011 01:00,11
07-10-2012 0:00,156
02-05-2011 11:00,150
01-05-2012 21:00,268
10-11-2012 12:00,804
03-04-2011 13:00,399
10-02-2011 14:00,52
19-03-2012 05:00,24
15-01-2011 04:00,3
17-04-2012 17:00,765
07-01-2011 7:00,80
07-11-2012 23:00,79
18-06-2011 10:00,235
10-06-2012 20:00,281
09-09-2012 15:00,567
11-10-2011 17:00,492
15-04-2012 12:00,643
11-12-2011 15:00,166
19-09-2011 12:00,132
06-02-2012 5:00,11
15-04-2012 02:00,73
18-06-2012 11:00,123
02-07-2012 6:00,147
09-04-2011 7:00,25
03-09-2012 23:00,62
14-09-2011 02:00,6
01-12-2011 19:00,254
12-05-2011 0:00,32
07-11-2012 2:00,6
10-10-2012 23:00,133
15-10-2011 07:00,59
10-07-2011 0:00,137
12-04-2011 8:00,131
04-05-2011 3:00,4
18-10-2011 05:00,16
04-11-2012 22:00,73
18-08-2011 10:00,145
03-08-2011 13:00,166
12-05-2011 21:00,185
02-09-2011 6:00,101
13-08-2012 21:00,326
15-07-2012 10:00,245
03-04-2011 17:00,182
14-05-2012 14:00,182
19-12-2012 11:00,199
09-04-2011 12:00,239
07-10-2012 21:00,111
02-07-2011 13:00,556
16-12-2012 03:00,18
08-02-2012 5:00,15
13-01-2011 10:00,57
18-04-2012 05:00,23
05-02-2012 12:00,325
11-02-2011 23:00,39
06-12-2011 11:00,46
08-10-2012 3:00,12
02-03-2012 22:00,75
15-03-2011 04:00,2
13-04-2012 01:00,16
09-09-2011 8:00,164
03-12-2011 1:00,50
09-04-2012 17:00,648
08-12-2012 22:00,119
13-12-2012 13:00,271
16-12-2012 19:00,154
16-02-2011 14:00,79
10-11-2011 10:00,122
16-01-2012 19:00,43
09-09-2012 5:00,12
19-01-2012 20:00,142
12-10-2011 19:00,135
19-08-2011 15:00,189
18-01-2011 13:00,35
06-07-2011 23:00,104
18-05-2011 09:00,181
01-06-2012 21:00,117
19-03-2012 01:00,11
12-03-2011 20:00,107
18-07-2011 12:00,144
10-11-2011 1:00,12
12-09-2012 7:00,571
01-05-2012 16:00,414
11-12-2011 17:00,188
11-03-2011 20:00,104
13-10-2011 10:00,57
05-07-2012 19:00,473
05-05-2011 14:00,144
18-06-2012 10:00,72
02-03-2011 18:00,225
13-05-2011 10:00,167
02-11-2011 8:00,416
18-11-2012 04:00,9
17-02-2011 13:00,113
19-01-2012 22:00,121
16-05-2012 13:00,247
15-11-2011 10:00,176
11-05-2012 1:00,26
02-01-2012 20:00,139
09-11-2012 9:00,448
19-03-2012 19:00,573
03-12-2011 8:00,66
03-10-2011 12:00,122
11-11-2012 18:00,422
07-11-2011 4:00,7
08-01-2011 14:00,66
14-01-2012 21:00,92
14-11-2011 20:00,229
08-02-2012 19:00,101
18-02-2012 01:00,81
06-08-2011 19:00,185
04-12-2011 11:00,195
11-04-2011 17:00,341
08-11-2012 9:00,385
15-12-2012 17:00,390
15-06-2011 21:00,233
09-03-2012 4:00,4
03-05-2012 9:00,280
14-04-2011 13:00,140
01-10-2012 19:00,536
04-08-2011 15:00,188
14-02-2012 09:00,194
16-11-2012 22:00,151
01-04-2011 21:00,81
03-12-2012 12:00,191
15-05-2012 20:00,240
17-09-2012 23:00,67
18-06-2011 17:00,400
09-09-2012 19:00,389
14-11-2011 06:00,102
16-08-2012 09:00,452
04-08-2011 19:00,320
06-09-2011 20:00,126
12-04-2012 15:00,277
07-01-2012 11:00,179
10-03-2011 12:00,16
15-12-2012 01:00,84
07-12-2011 12:00,35
10-04-2011 20:00,89
14-02-2011 06:00,44
08-03-2011 20:00,103
13-09-2011 14:00,161
07-02-2012 21:00,145
14-05-2012 04:00,5
09-05-2011 0:00,39
10-01-2011 6:00,33
15-05-2012 10:00,225
16-04-2012 14:00,230
15-01-2012 14:00,157
07-12-2012 3:00,8
09-05-2012 18:00,211
05-03-2011 23:00,41
17-09-2011 15:00,330
16-03-2011 21:00,88
15-11-2011 20:00,182
10-06-2011 23:00,120
13-01-2012 16:00,234
11-06-2011 2:00,79
19-10-2012 12:00,266
08-10-2012 12:00,468
06-11-2011 12:00,529
07-12-2011 21:00,32
08-10-2012 0:00,16
16-08-2011 19:00,394
17-11-2012 15:00,274
13-02-2012 18:00,369
10-12-2011 23:00,51
16-01-2012 23:00,1
10-11-2012 0:00,94
08-10-2012 11:00,320
16-08-2011 15:00,192
09-08-2011 19:00,379
10-05-2012 18:00,769
16-02-2012 15:00,89
04-12-2012 22:00,184
12-05-2011 4:00,5
07-07-2012 5:00,12
18-03-2012 11:00,335
01-07-2012 16:00,288
18-06-2012 03:00,4
10-07-2012 23:00,82
02-02-2011 19:00,121
07-12-2011 18:00,98
14-03-2011 06:00,39
18-09-2011 15:00,337
17-03-2012 06:00,15
06-10-2012 8:00,210
10-11-2011 10:00,118
08-06-2011 1:00,12
14-07-2011 08:00,437
01-08-2011 10:00,128
18-12-2012 00:00,32
09-02-2012 14:00,139
03-04-2011 19:00,119
03-06-2011 1:00,36
15-09-2011 22:00,142
01-01-2011 10:00,43
13-03-2011 21:00,38
05-03-2012 13:00,111
14-11-2011 02:00,6
02-09-2011 7:00,301
13-08-2011 18:00,309
14-10-2011 07:00,160
14-02-2012 02:00,2
05-05-2011 8:00,351
06-08-2012 5:00,34
06-09-2012 0:00,30
17-01-2011 10:00,43
07-04-2012 17:00,554
18-10-2012 18:00,799
05-11-2011 14:00,295
09-03-2012 7:00,328
04-08-2012 12:00,694
15-10-2012 08:00,811
07-09-2011 9:00,98
12-01-2011 13:00,57
13-10-2011 16:00,275
06-10-2012 16:00,362
09-09-2011 3:00,3
15-09-2012 03:00,29
07-04-2012 7:00,55
02-04-2012 4:00,6
01-06-2012 11:00,196
11-12-2012 22:00,125
04-11-2012 3:00,20
19-04-2012 22:00,211
14-08-2011 19:00,210
12-11-2011 3:00,13
15-09-2011 14:00,166
01-07-2012 13:00,538
11-11-2011 22:00,105
12-11-2012 8:00,539
06-12-2012 19:00,316
15-07-2012 18:00,192
05-05-2012 8:00,198
04-06-2012 15:00,320
13-01-2012 04:00,5
05-12-2012 13:00,307
11-06-2011 1:00,109
12-04-2012 3:00,3
10-09-2012 21:00,327
18-05-2011 07:00,293
02-03-2012 21:00,41
16-01-2012 15:00,224
12-08-2011 13:00,207
14-05-2012 13:00,182
16-11-2011 20:00,77
16-01-2012 04:00,0
17-02-2012 05:00,18
08-01-2012 17:00,231
14-08-2011 03:00,17
19-04-2012 09:00,380
17-07-2012 02:00,9
11-11-2011 19:00,95
17-09-2011 17:00,334
05-12-2011 3:00,4
01-02-2012 11:00,141
05-07-2011 9:00,238
06-11-2012 1:00,5
12-09-2012 16:00,584
14-03-2012 07:00,389
12-07-2011 19:00,315
15-05-2011 05:00,3
16-06-2012 17:00,699
03-04-2011 1:00,41
11-09-2011 14:00,551
06-05-2012 18:00,449
02-10-2011 14:00,188
01-06-2011 17:00,487
18-08-2012 04:00,14
12-01-2012 22:00,127
02-09-2011 2:00,10
06-04-2012 0:00,47
04-05-2011 8:00,49
14-03-2011 07:00,103
19-10-2011 08:00,417
15-04-2011 19:00,102
08-03-2012 13:00,183
07-08-2012 2:00,9
04-04-2011 3:00,3
02-12-2012 21:00,102
08-05-2012 3:00,4
02-06-2012 2:00,60
13-07-2011 08:00,303
11-09-2012 8:00,650
07-09-2012 0:00,89
13-11-2011 17:00,358
02-03-2011 3:00,1
03-02-2011 13:00,58
13-03-2012 23:00,82
03-05-2011 16:00,271
13-10-2011 04:00,4
06-09-2011 5:00,15
13-06-2012 09:00,430
07-03-2011 21:00,67
01-08-2011 7:00,281
10-05-2012 21:00,261
17-02-2011 06:00,43
15-08-2011 21:00,211
15-02-2011 00:00,11
02-01-2012 22:00,53
16-12-2012 01:00,107
04-05-2012 7:00,452
09-02-2012 4:00,2
10-09-2011 4:00,9
17-09-2011 12:00,553
19-11-2012 11:00,183
16-05-2011 16:00,299
03-05-2012 23:00,203
03-03-2011 22:00,43
17-03-2011 20:00,149
13-08-2011 20:00,198
04-02-2012 14:00,254
11-09-2011 13:00,717
02-06-2011 18:00,516
09-12-2011 17:00,332
03-01-2011 22:00,18
06-03-2011 10:00,30
12-07-2011 21:00,175
13-08-2011 22:00,115
17-06-2011 00:00,34
15-10-2011 20:00,222
10-05-2011 13:00,155
05-02-2012 23:00,39
16-06-2011 11:00,175
19-06-2011 01:00,153
15-04-2012 01:00,162
04-02-2011 15:00,110
10-01-2012 4:00,4
04-12-2012 3:00,4
01-09-2011 19:00,385
09-11-2011 22:00,126
10-10-2012 0:00,38
12-10-2012 22:00,194
02-07-2011 21:00,217
08-06-2011 23:00,103
09-03-2011 16:00,88
11-02-2012 1:00,59
05-02-2011 17:00,73
03-01-2011 0:00,12
11-08-2011 13:00,185
13-12-2011 14:00,131
19-12-2011 19:00,387
01-03-2011 3:00,1
16-08-2012 06:00,141
14-10-2012 02:00,89
04-05-2011 9:00,27
09-09-2012 21:00,236
09-05-2012 16:00,476
06-08-2011 0:00,77
08-09-2011 6:00,43
17-09-2011 04:00,7
02-02-2011 20:00,76
08-12-2011 13:00,133
12-04-2012 11:00,191
06-01-2012 3:00,3
13-11-2011 18:00,242
12-04-2012 16:00,437
13-05-2011 23:00,52
02-01-2011 4:00,0
11-01-2012 21:00,61
02-10-2012 1:00,10
03-08-2012 19:00,650
15-09-2012 18:00,737
12-05-2011 20:00,271
19-04-2011 11:00,109
11-03-2012 7:00,37
07-11-2012 22:00,125
11-05-2011 21:00,180
17-03-2011 18:00,291
11-02-2011 20:00,87
09-02-2011 16:00,89
07-10-2012 20:00,166
09-01-2011 13:00,111
13-04-2011 15:00,91
13-06-2011 12:00,151
07-06-2012 20:00,408
05-01-2012 21:00,121
05-09-2012 10:00,279
15-05-2012 15:00,307
17-08-2011 01:00,12
03-08-2012 3:00,10
19-05-2012 19:00,429
02-01-2011 2:00,11
16-01-2012 22:00,11
01-09-2012 10:00,283
16-06-2011 18:00,398
10-10-2012 13:00,260
13-01-2011 18:00,144
10-02-2011 8:00,149
10-05-2011 2:00,7
12-07-2011 7:00,258
15-04-2012 20:00,240
02-07-2011 22:00,180
04-07-2012 11:00,433
09-08-2011 2:00,7
09-10-2012 13:00,224
17-11-2012 20:00,213
06-09-2012 5:00,26
13-06-2011 04:00,7
05-09-2012 1:00,13
08-07-2011 13:00,216
04-10-2012 19:00,535
02-10-2011 6:00,9
18-06-2011 06:00,27
19-11-2011 23:00,72
09-04-2012 2:00,4
07-01-2012 4:00,6
01-05-2012 6:00,98
19-03-2011 12:00,308
06-04-2011 4:00,2
07-11-2012 12:00,176
19-06-2012 08:00,673
10-03-2011 5:00,1
12-03-2012 21:00,171
16-04-2012 03:00,17
17-12-2012 06:00,117
16-12-2011 18:00,297
16-10-2011 14:00,475
12-09-2012 22:00,246
15-03-2012 17:00,646
07-04-2011 7:00,203
11-11-2011 8:00,256
09-08-2011 10:00,141
09-07-2012 20:00,427
03-06-2011 9:00,278
12-01-2011 18:00,141
14-01-2011 00:00,8
14-08-2011 14:00,389
08-05-2012 11:00,165
09-11-2011 11:00,148
03-12-2012 21:00,203
10-08-2012 6:00,85
01-08-2012 1:00,20
09-06-2012 13:00,760
14-09-2011 22:00,153
04-07-2012 13:00,1955
01-11-2012 12:00,173
01-10-2012 17:00,955
14-02-2012 20:00,152
13-01-2012 16:00,236
05-08-2011 16:00,346
16-05-2012 06:00,135
05-04-2012 20:00,264
10-10-2011 1:00,40
07-03-2011 17:00,242
02-09-2012 12:00,768
08-07-2011 4:00,7
15-06-2012 09:00,511
12-01-2011 7:00,88
14-08-2012 23:00,137
13-12-2012 17:00,603
14-12-2011 09:00,176
11-03-2012 21:00,114
06-12-2011 9:00,186
19-10-2012 23:00,110
18-09-2011 09:00,103
08-04-2012 22:00,125
04-01-2012 21:00,83
15-09-2011 11:00,143
15-05-2012 13:00,147
18-12-2012 22:00,200
19-06-2012 23:00,122
05-07-2011 12:00,148
07-08-2012 9:00,381
19-11-2012 22:00,137
16-09-2012 16:00,602
14-12-2011 16:00,226
01-04-2011 22:00,59
02-03-2012 2:00,7
16-04-2011 23:00,58
07-09-2012 21:00,317
09-07-2012 23:00,95
10-12-2011 0:00,67
10-01-2011 3:00,1
13-10-2011 19:00,266
05-01-2012 14:00,129
02-08-2011 1:00,14
16-03-2011 12:00,94
04-06-2011 23:00,156
15-11-2012 08:00,516
18-10-2011 01:00,8
03-10-2012 3:00,6
14-12-2012 06:00,99
14-09-2011 19:00,311
08-07-2012 9:00,155
02-03-2011 19:00,164
19-08-2012 14:00,216
16-03-2011 08:00,201
06-12-2011 7:00,221
05-01-2011 20:00,68
11-11-2011 21:00,48
14-11-2012 12:00,252
03-12-2012 11:00,172
19-03-2012 18:00,872
19-10-2011 15:00,70
15-09-2012 06:00,28
05-04-2011 12:00,41
05-10-2011 22:00,155
14-03-2011 22:00,44
17-05-2012 17:00,842
16-03-2012 20:00,318
07-06-2012 11:00,216
07-09-2011 22:00,70
08-01-2011 22:00,12
17-04-2011 03:00,13
18-05-2012 05:00,36
17-12-2011 03:00,12
01-10-2012 7:00,487
02-12-2012 15:00,343
19-12-2011 09:00,201
07-01-2012 0:00,67
16-12-2012 14:00,355
06-10-2012 22:00,148
13-02-2011 13:00,193
08-11-2011 6:00,104
19-06-2011 17:00,269
01-10-2012 7:00,493
07-08-2011 20:00,169
10-11-2011 23:00,88
03-07-2011 18:00,236
19-05-2012 16:00,387
17-11-2012 12:00,662
07-09-2012 22:00,253
16-04-2012 01:00,22
17-12-2012 10:00,201
03-08-2012 13:00,300
04-02-2012 12:00,323
16-01-2012 04:00,1
10-08-2011 3:00,5
05-12-2011 0:00,19
01-02-2012 19:00,283
08-02-2011 16:00,100
06-10-2012 0:00,130
17-12-2011 23:00,58
05-08-2012 14:00,451
17-06-2012 07:00,87
05-07-2011 17:00,496
08-06-2011 8:00,356
10-11-2011 5:00,13
13-06-2012 14:00,257
04-08-2012 15:00,356
05-09-2012 17:00,831
03-06-2011 11:00,164
12-09-2011 0:00,26
10-08-2012 17:00,811
03-07-2011 20:00,163
19-04-2012 08:00,475
12-07-2012 7:00,422
05-03-2012 0:00,16
14-09-2012 20:00,369
05-01-2012 4:00,4
02-04-2012 17:00,881
11-04-2011 4:00,4
04-09-2012 10:00,260
13-08-2012 14:00,273
15-01-2012 15:00,122
16-10-2011 10:00,227
17-12-2012 13:00,194
02-01-2011 17:00,84
10-10-2012 1:00,11
13-09-2012 07:00,570
03-06-2012 16:00,511
07-12-2012 18:00,517
06-04-2012 19:00,395
12-11-2011 15:00,275
06-10-2011 4:00,8
09-10-2012 23:00,93
12-04-2012 17:00,684
15-04-2011 13:00,186
10-09-2011 3:00,20
17-04-2012 14:00,245
18-07-2012 07:00,471
08-03-2011 16:00,142
03-01-2012 7:00,199
02-10-2012 23:00,183
15-01-2011 07:00,11
10-02-2012 11:00,152
17-03-2011 10:00,116
11-01-2011 17:00,108
03-04-2011 8:00,57
08-09-2011 4:00,4
02-02-2012 17:00,403
11-10-2011 3:00,3
06-08-2011 20:00,161
05-02-2011 0:00,22
09-06-2012 10:00,387
18-07-2011 13:00,137
15-04-2011 21:00,117
14-05-2011 13:00,181
11-05-2011 20:00,245
13-11-2011 03:00,18
07-10-2012 14:00,456
14-04-2012 09:00,233
17-01-2012 19:00,436
01-08-2011 11:00,104
11-02-2011 12:00,83
02-08-2012 5:00,32
10-12-2011 2:00,44
05-01-2011 19:00,102
01-06-2011 10:00,138
18-04-2011 15:00,246
15-03-2011 22:00,50
12-06-2012 15:00,83
04-04-2011 0:00,29
08-02-2011 3:00,1
14-06-2012 15:00,320
14-07-2011 10:00,155
16-02-2011 09:00,123
12-07-2012 18:00,778
08-09-2012 0:00,137
09-11-2011 4:00,6
18-09-2011 20:00,135
03-10-2012 20:00,431
11-04-2011 10:00,97
17-03-2012 04:00,9
12-07-2012 3:00,6
10-12-2012 10:00,246
10-11-2011 19:00,201
08-09-2012 3:00,26
08-09-2011 3:00,2
15-06-2011 15:00,202
04-06-2011 13:00,503
06-05-2011 12:00,184
16-10-2011 09:00,140
18-06-2011 11:00,412
15-05-2011 13:00,495
05-01-2012 11:00,151
05-08-2011 3:00,6
05-12-2012 10:00,259
02-03-2012 20:00,91
09-11-2012 17:00,668
15-03-2011 02:00,3
07-06-2012 21:00,323
09-06-2012 22:00,268
01-04-2011 12:00,96
17-06-2012 02:00,82
18-03-2012 11:00,360
03-01-2011 7:00,98
03-06-2012 22:00,189
04-05-2011 11:00,94
03-06-2012 10:00,344
10-07-2011 5:00,8
12-04-2011 2:00,3
01-08-2012 0:00,63
03-04-2012 2:00,5
03-05-2011 8:00,311
17-05-2011 13:00,93
19-11-2011 01:00,50
14-02-2011 11:00,67
05-06-2011 16:00,301
01-11-2011 6:00,89
09-06-2011 2:00,5
04-01-2012 18:00,191
09-05-2011 5:00,19
06-11-2012 4:00,5
04-12-2012 7:00,458
12-01-2012 21:00,190
18-04-2012 14:00,100
12-12-2012 22:00,169
01-08-2012 14:00,252
08-06-2012 20:00,417
05-09-2011 5:00,5
12-03-2012 15:00,236
11-11-2011 3:00,4
16-02-2012 00:00,13
11-12-2012 0:00,6
06-05-2011 11:00,166
18-08-2012 09:00,220
13-09-2012 09:00,480
16-09-2012 05:00,14
03-01-2012 18:00,206
03-04-2011 10:00,147
19-10-2011 17:00,265
07-08-2011 11:00,357
09-12-2011 2:00,7
15-09-2011 02:00,7
15-09-2012 23:00,170
07-03-2011 15:00,93
16-11-2011 15:00,79
02-02-2012 11:00,76
09-10-2011 9:00,151
07-11-2012 5:00,25
16-12-2011 05:00,26
14-01-2011 23:00,28
19-02-2011 09:00,59
17-03-2012 05:00,7
